user_id,username,email,first_name,last_name,date_of_birth,registration_date,last_login,is_active,user_type
1,user1,user1@example.com,First1,Last1,1971-02-05,2023-03-15 12:27:12.998255,2024-07-16 12:27:12.998257,False,regular
2,user2,user2@example.com,First2,Last2,2000-01-12,2022-12-30 12:27:12.998264,2024-06-30 12:27:12.998266,True,premium
3,user3,user3@example.com,First3,Last3,1985-07-03,2024-03-12 12:27:12.998269,2024-07-18 12:27:12.998270,False,premium
4,user4,user4@example.com,First4,Last4,1999-07-12,2023-12-30 12:27:12.998273,2024-07-03 12:27:12.998275,False,admin
5,user5,user5@example.com,First5,Last5,1968-12-27,2023-10-01 12:27:12.998278,2024-07-14 12:27:12.998279,True,regular
6,user6,user6@example.com,First6,Last6,1961-05-08,2024-02-25 12:27:12.998282,2024-07-15 12:27:12.998283,False,regular
7,user7,user7@example.com,First7,Last7,1998-06-13,2022-10-09 12:27:12.998286,2024-06-26 12:27:12.998287,True,regular
8,user8,user8@example.com,First8,Last8,1956-03-07,2022-10-05 12:27:12.998290,2024-07-09 12:27:12.998291,True,admin
9,user9,user9@example.com,First9,Last9,1958-10-24,2023-06-15 12:27:12.998294,2024-07-06 12:27:12.998295,False,premium
10,user10,user10@example.com,First10,Last10,1985-07-03,2022-08-08 12:27:12.998298,2024-07-21 12:27:12.998299,False,premium
11,user11,user11@example.com,First11,Last11,1967-07-23,2023-07-26 12:27:12.998302,2024-07-03 12:27:12.998302,False,premium
12,user12,user12@example.com,First12,Last12,1972-06-11,2023-12-15 12:27:12.998305,2024-07-01 12:27:12.998306,True,regular
13,user13,user13@example.com,First13,Last13,1969-03-22,2023-10-15 12:27:12.998309,2024-07-24 12:27:12.998310,False,admin
14,user14,user14@example.com,First14,Last14,1986-07-20,2023-08-30 12:27:12.998313,2024-07-17 12:27:12.998314,True,premium
15,user15,user15@example.com,First15,Last15,1957-06-09,2023-01-14 12:27:12.998317,2024-07-01 12:27:12.998318,False,regular
16,user16,user16@example.com,First16,Last16,1992-04-18,2022-01-29 12:27:12.998332,2024-07-08 12:27:12.998333,True,admin
17,user17,user17@example.com,First17,Last17,1965-11-17,2022-05-09 12:27:12.998338,2024-07-01 12:27:12.998339,True,admin
18,user18,user18@example.com,First18,Last18,1971-08-04,2022-12-01 12:27:12.998342,2024-07-24 12:27:12.998343,True,premium
19,user19,user19@example.com,First19,Last19,1996-01-11,2024-07-15 12:27:12.998346,2024-07-21 12:27:12.998347,False,admin
20,user20,user20@example.com,First20,Last20,1969-12-12,2023-07-30 12:27:12.998350,2024-07-03 12:27:12.998351,False,regular
21,user21,user21@example.com,First21,Last21,1963-07-14,2021-11-14 12:27:12.998354,2024-07-19 12:27:12.998355,True,admin
22,user22,user22@example.com,First22,Last22,1961-09-19,2021-11-22 12:27:12.998357,2024-07-11 12:27:12.998358,False,regular
23,user23,user23@example.com,First23,Last23,1968-08-16,2023-12-12 12:27:12.998361,2024-07-18 12:27:12.998362,True,regular
24,user24,user24@example.com,First24,Last24,2005-01-10,2023-01-28 12:27:12.998365,2024-07-05 12:27:12.998366,False,premium
25,user25,user25@example.com,First25,Last25,1961-05-23,2022-09-07 12:27:12.998369,2024-07-04 12:27:12.998370,False,premium
26,user26,user26@example.com,First26,Last26,2002-03-12,2023-12-07 12:27:12.998373,2024-07-22 12:27:12.998374,True,admin
27,user27,user27@example.com,First27,Last27,1965-09-15,2023-06-07 12:27:12.998377,2024-07-21 12:27:12.998378,False,admin
28,user28,user28@example.com,First28,Last28,1998-02-11,2023-10-31 12:27:12.998380,2024-06-24 12:27:12.998381,False,premium
29,user29,user29@example.com,First29,Last29,1965-10-07,2023-08-27 12:27:12.998384,2024-07-03 12:27:12.998385,True,admin
30,user30,user30@example.com,First30,Last30,1974-01-20,2023-04-09 12:27:12.998388,2024-07-03 12:27:12.998389,True,premium
31,user31,user31@example.com,First31,Last31,1998-09-11,2023-10-28 12:27:12.998391,2024-06-28 12:27:12.998392,True,admin
32,user32,user32@example.com,First32,Last32,1999-03-09,2022-10-13 12:27:12.998395,2024-06-29 12:27:12.998396,True,admin
33,user33,user33@example.com,First33,Last33,1964-01-04,2023-09-18 12:27:12.998399,2024-06-30 12:27:12.998399,False,premium
34,user34,user34@example.com,First34,Last34,1981-06-23,2022-07-09 12:27:12.998405,2024-07-10 12:27:12.998406,False,premium
35,user35,user35@example.com,First35,Last35,1996-05-16,2022-11-18 12:27:12.998408,2024-07-24 12:27:12.998411,True,premium
36,user36,user36@example.com,First36,Last36,1956-12-06,2024-07-09 12:27:12.998414,2024-07-22 12:27:12.998414,True,regular
37,user37,user37@example.com,First37,Last37,1991-10-20,2022-01-17 12:27:12.998418,2024-07-24 12:27:12.998419,True,admin
38,user38,user38@example.com,First38,Last38,1991-06-27,2023-02-18 12:27:12.998422,2024-07-23 12:27:12.998423,False,regular
39,user39,user39@example.com,First39,Last39,1987-10-09,2023-03-16 12:27:12.998426,2024-07-03 12:27:12.998427,False,premium
40,user40,user40@example.com,First40,Last40,1964-08-03,2023-10-30 12:27:12.998430,2024-07-21 12:27:12.998431,False,regular
41,user41,user41@example.com,First41,Last41,2000-07-25,2022-10-14 12:27:12.998434,2024-07-23 12:27:12.998435,False,regular
42,user42,user42@example.com,First42,Last42,1969-08-24,2022-12-19 12:27:12.998438,2024-06-27 12:27:12.998438,False,regular
43,user43,user43@example.com,First43,Last43,2002-07-27,2022-12-31 12:27:12.998441,2024-07-02 12:27:12.998442,False,admin
44,user44,user44@example.com,First44,Last44,1956-07-29,2023-03-13 12:27:12.998445,2024-07-12 12:27:12.998446,False,admin
45,user45,user45@example.com,First45,Last45,2001-06-02,2022-11-10 12:27:12.998448,2024-07-18 12:27:12.998449,True,premium
46,user46,user46@example.com,First46,Last46,1993-05-21,2022-01-31 12:27:12.998452,2024-06-25 12:27:12.998453,True,premium
47,user47,user47@example.com,First47,Last47,1967-04-16,2023-11-06 12:27:12.998456,2024-07-18 12:27:12.998457,True,admin
48,user48,user48@example.com,First48,Last48,1957-10-12,2022-11-04 12:27:12.998460,2024-07-01 12:27:12.998460,True,admin
49,user49,user49@example.com,First49,Last49,1984-07-02,2023-08-15 12:27:12.998463,2024-06-26 12:27:12.998464,True,regular
50,user50,user50@example.com,First50,Last50,1983-11-14,2022-11-05 12:27:12.998467,2024-07-11 12:27:12.998468,False,regular
51,user51,user51@example.com,First51,Last51,1990-05-07,2023-02-16 12:27:12.998471,2024-07-20 12:27:12.998472,True,admin
52,user52,user52@example.com,First52,Last52,1974-11-21,2022-10-23 12:27:12.998474,2024-06-30 12:27:12.998475,True,premium
53,user53,user53@example.com,First53,Last53,1958-05-20,2022-12-05 12:27:12.998478,2024-07-24 12:27:12.998479,True,premium
54,user54,user54@example.com,First54,Last54,1963-01-14,2021-11-19 12:27:12.998482,2024-07-01 12:27:12.998483,False,regular
55,user55,user55@example.com,First55,Last55,1978-10-31,2022-07-12 12:27:12.998486,2024-06-30 12:27:12.998487,False,premium
56,user56,user56@example.com,First56,Last56,2003-08-20,2023-09-09 12:27:12.998489,2024-07-12 12:27:12.998490,True,admin
57,user57,user57@example.com,First57,Last57,1973-11-11,2022-02-01 12:27:12.998493,2024-07-22 12:27:12.998494,True,premium
58,user58,user58@example.com,First58,Last58,1958-05-28,2022-09-05 12:27:12.998498,2024-06-26 12:27:12.998499,True,premium
59,user59,user59@example.com,First59,Last59,1970-08-17,2022-12-18 12:27:12.998502,2024-07-05 12:27:12.998503,True,premium
60,user60,user60@example.com,First60,Last60,1967-05-27,2024-04-03 12:27:12.998505,2024-07-21 12:27:12.998506,True,admin
61,user61,user61@example.com,First61,Last61,1986-04-19,2022-06-07 12:27:12.998509,2024-07-18 12:27:12.998510,True,premium
62,user62,user62@example.com,First62,Last62,1987-11-02,2024-06-12 12:27:12.998513,2024-06-28 12:27:12.998514,True,regular
63,user63,user63@example.com,First63,Last63,1982-03-05,2022-04-08 12:27:12.998516,2024-07-23 12:27:12.998517,True,admin
64,user64,user64@example.com,First64,Last64,1971-09-28,2022-10-20 12:27:12.998520,2024-06-26 12:27:12.998521,False,admin
65,user65,user65@example.com,First65,Last65,1980-11-05,2022-04-24 12:27:12.998524,2024-07-22 12:27:12.998525,False,premium
66,user66,user66@example.com,First66,Last66,1969-02-22,2023-10-11 12:27:12.998529,2024-07-01 12:27:12.998530,True,regular
67,user67,user67@example.com,First67,Last67,1995-11-13,2022-11-21 12:27:12.998534,2024-07-16 12:27:12.998535,False,premium
68,user68,user68@example.com,First68,Last68,1963-09-07,2024-03-27 12:27:12.998537,2024-06-25 12:27:12.998538,False,regular
69,user69,user69@example.com,First69,Last69,1967-04-12,2023-09-27 12:27:12.998541,2024-07-07 12:27:12.998542,True,admin
70,user70,user70@example.com,First70,Last70,2004-02-29,2022-03-21 12:27:12.998547,2024-07-07 12:27:12.998548,False,admin
71,user71,user71@example.com,First71,Last71,1989-10-23,2024-07-18 12:27:12.998550,2024-07-14 12:27:12.998551,True,premium
72,user72,user72@example.com,First72,Last72,1998-02-21,2023-11-03 12:27:12.998554,2024-07-06 12:27:12.998555,True,regular
73,user73,user73@example.com,First73,Last73,1981-11-19,2022-05-16 12:27:12.998558,2024-07-05 12:27:12.998559,True,regular
74,user74,user74@example.com,First74,Last74,1968-06-18,2022-06-16 12:27:12.998561,2024-07-05 12:27:12.998562,False,admin
75,user75,user75@example.com,First75,Last75,1958-01-23,2022-05-20 12:27:12.998565,2024-07-01 12:27:12.998566,True,admin
76,user76,user76@example.com,First76,Last76,1985-10-06,2021-11-10 12:27:12.998569,2024-07-01 12:27:12.998569,True,regular
77,user77,user77@example.com,First77,Last77,1964-02-25,2024-05-26 12:27:12.998572,2024-07-04 12:27:12.998573,False,regular
78,user78,user78@example.com,First78,Last78,1999-08-17,2023-11-29 12:27:12.998576,2024-07-10 12:27:12.998577,True,premium
79,user79,user79@example.com,First79,Last79,1985-10-05,2024-05-09 12:27:12.998580,2024-06-25 12:27:12.998581,True,regular
80,user80,user80@example.com,First80,Last80,1960-06-25,2022-03-22 12:27:12.998586,2024-07-13 12:27:12.998587,False,admin
81,user81,user81@example.com,First81,Last81,1990-07-22,2022-02-07 12:27:12.998589,2024-06-29 12:27:12.998590,False,admin
82,user82,user82@example.com,First82,Last82,1995-03-31,2023-01-01 12:27:12.998593,2024-07-22 12:27:12.998594,False,admin
83,user83,user83@example.com,First83,Last83,2005-02-27,2021-12-16 12:27:12.998597,2024-06-29 12:27:12.998598,True,admin
84,user84,user84@example.com,First84,Last84,1972-02-22,2022-01-15 12:27:12.998601,2024-07-16 12:27:12.998602,False,admin
85,user85,user85@example.com,First85,Last85,1997-01-14,2022-10-18 12:27:12.998605,2024-07-24 12:27:12.998606,False,admin
86,user86,user86@example.com,First86,Last86,1992-02-27,2023-05-07 12:27:12.998608,2024-07-23 12:27:12.998609,True,regular
87,user87,user87@example.com,First87,Last87,1968-04-07,2023-11-18 12:27:12.998612,2024-07-24 12:27:12.998613,False,premium
88,user88,user88@example.com,First88,Last88,1962-03-06,2024-03-01 12:27:12.998616,2024-07-05 12:27:12.998617,True,admin
89,user89,user89@example.com,First89,Last89,1997-12-05,2024-07-04 12:27:12.998619,2024-07-05 12:27:12.998620,True,admin
90,user90,user90@example.com,First90,Last90,2001-01-21,2024-06-27 12:27:12.998623,2024-07-14 12:27:12.998624,True,regular
91,user91,user91@example.com,First91,Last91,1987-05-02,2023-02-20 12:27:12.998627,2024-07-23 12:27:12.998628,True,premium
92,user92,user92@example.com,First92,Last92,1967-04-29,2021-12-18 12:27:12.998632,2024-07-21 12:27:12.998633,False,premium
93,user93,user93@example.com,First93,Last93,2001-06-05,2024-04-01 12:27:12.998636,2024-07-22 12:27:12.998637,False,premium
94,user94,user94@example.com,First94,Last94,1963-07-23,2023-03-10 12:27:12.998639,2024-07-11 12:27:12.998640,False,premium
95,user95,user95@example.com,First95,Last95,1997-11-21,2022-02-23 12:27:12.998643,2024-07-10 12:27:12.998644,False,regular
96,user96,user96@example.com,First96,Last96,1962-11-20,2024-05-17 12:27:12.998647,2024-06-30 12:27:12.998648,False,regular
97,user97,user97@example.com,First97,Last97,1969-01-24,2023-01-26 12:27:12.998650,2024-06-28 12:27:12.998651,False,admin
98,user98,user98@example.com,First98,Last98,1967-04-27,2023-08-28 12:27:12.998654,2024-07-11 12:27:12.998655,True,premium
99,user99,user99@example.com,First99,Last99,1984-01-23,2023-06-24 12:27:12.998658,2024-07-23 12:27:12.998659,True,regular
100,user100,user100@example.com,First100,Last100,1987-01-07,2022-03-09 12:27:12.998661,2024-07-04 12:27:12.998662,False,premium
